Workbook

Sheet Fly overview
A2: Good-behavior imaging inventory
A3: VES041 and SMP544. Y = at least one accepted recording of that type. N = no accepted recording of that type.
A5: Fly ID | B5: Date | C5: Dark | D5: CL bar | E5: Bar jumps | F5: Gratings | G5: Heat OL | H5: Heat barrier | I5: Heat pyramid | J5: Heat stripe | K5: Good behavior | L5: Fly identity
A6: SMP544_20260720_F2 | B6: 46223.5 | C6: =IF(COUNTIFS('Trial records'!$D$2:$D$53,$A6,'Trial records'!$E$2:$E$53,"Y",'Trial records'!$F$2:$F$53,C$5)>0,"Y","N") -> Y | D6: =IF(COUNTIFS('Trial records'!$D$2:$D$53,$A6,'Trial records'!$E$2:$E$53,"Y",'Trial records'!$F$2:$F$53,D$5)>0,"Y","N") -> N | E6: =IF(COUNTIFS('Trial records'!$D$2:$D$53,$A6,'Trial records'!$E$2:$E$53,"Y",'Trial records'!$F$2:$F$53,E$5)>0,"Y","N") -> N | F6: =IF(COUNTIFS('Trial records'!$D$2:$D$53,$A6,'Trial records'!$E$2:$E$53,"Y",'Trial records'!$F$2:$F$53,F$5)>0,"Y","N") -> N | G6: =IF(COUNTIFS('Trial records'!$D$2:$D$53,$A6,'Trial records'!$E$2:$E$53,"Y",'Trial records'!$F$2:$F$53,G$5)>0,"Y","N") -> N | H6: =IF(COUNTIFS('Trial records'!$D$2:$D$53,$A6,'Trial records'!$E$2:$E$53,"Y",'Trial records'!$F$2:$F$53,H$5)>0,"Y","N") -> N | I6: =IF(COUNTIFS('Trial records'!$D$2:$D$53,$A6,'Trial records'!$E$2:$E$53,"Y",'Trial records'!$F$2:$F$53,I$5)>0,"Y","N") -> N | J6: =IF(COUNTIFS('Trial records'!$D$2:$D$53,$A6,'Trial records'!$E$2:$E$53,"Y",'Trial records'!$F$2:$F$53,J$5)>0,"Y","N") -> N | K6: =IF(COUNTIFS('Trial records'!$D$2:$D$53,$A6,'Trial records'!$E$2:$E$53,"Y")>0,"Y","N") -> Y | L6: Explicit
A7: SMP544_20260721_F1 | B7: 46224.5 | C7: =IF(COUNTIFS('Trial records'!$D$2:$D$53,$A7,'Trial records'!$E$2:$E$53,"Y",'Trial records'!$F$2:$F$53,C$5)>0,"Y","N") -> N | D7: =IF(COUNTIFS('Trial records'!$D$2:$D$53,$A7,'Trial records'!$E$2:$E$53,"Y",'Trial records'!$F$2:$F$53,D$5)>0,"Y","N") -> Y | E7: =IF(COUNTIFS('Trial records'!$D$2:$D$53,$A7,'Trial records'!$E$2:$E$53,"Y",'Trial records'!$F$2:$F$53,E$5)>0,"Y","N") -> N | F7: =IF(COUNTIFS('Trial records'!$D$2:$D$53,$A7,'Trial records'!$E$2:$E$53,"Y",'Trial records'!$F$2:$F$53,F$5)>0,"Y","N") -> N | G7: =IF(COUNTIFS('Trial records'!$D$2:$D$53,$A7,'Trial records'!$E$2:$E$53,"Y",'Trial records'!$F$2:$F$53,G$5)>0,"Y","N") -> Y | H7: =IF(COUNTIFS('Trial records'!$D$2:$D$53,$A7,'Trial records'!$E$2:$E$53,"Y",'Trial records'!$F$2:$F$53,H$5)>0,"Y","N") -> N | I7: =IF(COUNTIFS('Trial records'!$D$2:$D$53,$A7,'Trial records'!$E$2:$E$53,"Y",'Trial records'!$F$2:$F$53,I$5)>0,"Y","N") -> N | J7: =IF(COUNTIFS('Trial records'!$D$2:$D$53,$A7,'Trial records'!$E$2:$E$53,"Y",'Trial records'!$F$2:$F$53,J$5)>0,"Y","N") -> N | K7: =IF(COUNTIFS('Trial records'!$D$2:$D$53,$A7,'Trial records'!$E$2:$E$53,"Y")>0,"Y","N") -> Y | L7: Explicit
A8: SMP544_20260722_F1 | B8: 46225.5 | C8: =IF(COUNTIFS('Trial records'!$D$2:$D$53,$A8,'Trial records'!$E$2:$E$53,"Y",'Trial records'!$F$2:$F$53,C$5)>0,"Y","N") -> N | D8: =IF(COUNTIFS('Trial records'!$D$2:$D$53,$A8,'Trial records'!$E$2:$E$53,"Y",'Trial records'!$F$2:$F$53,D$5)>0,"Y","N") -> Y | E8: =IF(COUNTIFS('Trial records'!$D$2:$D$53,$A8,'Trial records'!$E$2:$E$53,"Y",'Trial records'!$F$2:$F$53,E$5)>0,"Y","N") -> N | F8: =IF(COUNTIFS('Trial records'!$D$2:$D$53,$A8,'Trial records'!$E$2:$E$53,"Y",'Trial records'!$F$2:$F$53,F$5)>0,"Y","N") -> N | G8: =IF(COUNTIFS('Trial records'!$D$2:$D$53,$A8,'Trial records'!$E$2:$E$53,"Y",'Trial records'!$F$2:$F$53,G$5)>0,"Y","N") -> N | H8: =IF(COUNTIFS('Trial records'!$D$2:$D$53,$A8,'Trial records'!$E$2:$E$53,"Y",'Trial records'!$F$2:$F$53,H$5)>0,"Y","N") -> N | I8: =IF(COUNTIFS('Trial records'!$D$2:$D$53,$A8,'Trial records'!$E$2:$E$53,"Y",'Trial records'!$F$2:$F$53,I$5)>0,"Y","N") -> N | J8: =IF(COUNTIFS('Trial records'!$D$2:$D$53,$A8,'Trial records'!$E$2:$E$53,"Y",'Trial records'!$F$2:$F$53,J$5)>0,"Y","N") -> N | K8: =IF(COUNTIFS('Trial records'!$D$2:$D$53,$A8,'Trial records'!$E$2:$E$53,"Y")>0,"Y","N") -> Y | L8: Explicit
A9: VES041_20250812_F3 | B9: 45881.5 | C9: =IF(COUNTIFS('Trial records'!$D$2:$D$53,$A9,'Trial records'!$E$2:$E$53,"Y",'Trial records'!$F$2:$F$53,C$5)>0,"Y","N") -> N | D9: =IF(COUNTIFS('Trial records'!$D$2:$D$53,$A9,'Trial records'!$E$2:$E$53,"Y",'Trial records'!$F$2:$F$53,D$5)>0,"Y","N") -> N | E9: =IF(COUNTIFS('Trial records'!$D$2:$D$53,$A9,'Trial records'!$E$2:$E$53,"Y",'Trial records'!$F$2:$F$53,E$5)>0,"Y","N") -> Y | F9: =IF(COUNTIFS('Trial records'!$D$2:$D$53,$A9,'Trial records'!$E$2:$E$53,"Y",'Trial records'!$F$2:$F$53,F$5)>0,"Y","N") -> Y | G9: =IF(COUNTIFS('Trial records'!$D$2:$D$53,$A9,'Trial records'!$E$2:$E$53,"Y",'Trial records'!$F$2:$F$53,G$5)>0,"Y","N") -> N | H9: =IF(COUNTIFS('Trial records'!$D$2:$D$53,$A9,'Trial records'!$E$2:$E$53,"Y",'Trial records'!$F$2:$F$53,H$5)>0,"Y","N") -> N | I9: =IF(COUNTIFS('Trial records'!$D$2:$D$53,$A9,'Trial records'!$E$2:$E$53,"Y",'Trial records'!$F$2:$F$53,I$5)>0,"Y","N") -> N | J9: =IF(COUNTIFS('Trial records'!$D$2:$D$53,$A9,'Trial records'!$E$2:$E$53,"Y",'Trial records'!$F$2:$F$53,J$5)>0,"Y","N") -> N | K9: =IF(COUNTIFS('Trial records'!$D$2:$D$53,$A9,'Trial records'!$E$2:$E$53,"Y")>0,"Y","N") -> Y | L9: Explicit
A10: VES041_20250813_F1 | B10: 45882.5 | C10: =IF(COUNTIFS('Trial records'!$D$2:$D$53,$A10,'Trial records'!$E$2:$E$53,"Y",'Trial records'!$F$2:$F$53,C$5)>0,"Y","N") -> N | D10: =IF(COUNTIFS('Trial records'!$D$2:$D$53,$A10,'Trial records'!$E$2:$E$53,"Y",'Trial records'!$F$2:$F$53,D$5)>0,"Y","N") -> N | E10: =IF(COUNTIFS('Trial records'!$D$2:$D$53,$A10,'Trial records'!$E$2:$E$53,"Y",'Trial records'!$F$2:$F$53,E$5)>0,"Y","N") -> N | F10: =IF(COUNTIFS('Trial records'!$D$2:$D$53,$A10,'Trial records'!$E$2:$E$53,"Y",'Trial records'!$F$2:$F$53,F$5)>0,"Y","N") -> Y | G10: =IF(COUNTIFS('Trial records'!$D$2:$D$53,$A10,'Trial records'!$E$2:$E$53,"Y",'Trial records'!$F$2:$F$53,G$5)>0,"Y","N") -> N | H10: =IF(COUNTIFS('Trial records'!$D$2:$D$53,$A10,'Trial records'!$E$2:$E$53,"Y",'Trial records'!$F$2:$F$53,H$5)>0,"Y","N") -> N | I10: =IF(COUNTIFS('Trial records'!$D$2:$D$53,$A10,'Trial records'!$E$2:$E$53,"Y",'Trial records'!$F$2:$F$53,I$5)>0,"Y","N") -> N | J10: =IF(COUNTIFS('Trial records'!$D$2:$D$53,$A10,'Trial records'!$E$2:$E$53,"Y",'Trial records'!$F$2:$F$53,J$5)>0,"Y","N") -> N | K10: =IF(COUNTIFS('Trial records'!$D$2:$D$53,$A10,'Trial records'!$E$2:$E$53,"Y")>0,"Y","N") -> Y | L10: Explicit
A11: VES041_20250819_F1 | B11: 45888.5 | C11: =IF(COUNTIFS('Trial records'!$D$2:$D$53,$A11,'Trial records'!$E$2:$E$53,"Y",'Trial records'!$F$2:$F$53,C$5)>0,"Y","N") -> N | D11: =IF(COUNTIFS('Trial records'!$D$2:$D$53,$A11,'Trial records'!$E$2:$E$53,"Y",'Trial records'!$F$2:$F$53,D$5)>0,"Y","N") -> N | E11: =IF(COUNTIFS('Trial records'!$D$2:$D$53,$A11,'Trial records'!$E$2:$E$53,"Y",'Trial records'!$F$2:$F$53,E$5)>0,"Y","N") -> N | F11: =IF(COUNTIFS('Trial records'!$D$2:$D$53,$A11,'Trial records'!$E$2:$E$53,"Y",'Trial records'!$F$2:$F$53,F$5)>0,"Y","N") -> Y | G11: =IF(COUNTIFS('Trial records'!$D$2:$D$53,$A11,'Trial records'!$E$2:$E$53,"Y",'Trial records'!$F$2:$F$53,G$5)>0,"Y","N") -> N | H11: =IF(COUNTIFS('Trial records'!$D$2:$D$53,$A11,'Trial records'!$E$2:$E$53,"Y",'Trial records'!$F$2:$F$53,H$5)>0,"Y","N") -> N | I11: =IF(COUNTIFS('Trial records'!$D$2:$D$53,$A11,'Trial records'!$E$2:$E$53,"Y",'Trial records'!$F$2:$F$53,I$5)>0,"Y","N") -> N | J11: =IF(COUNTIFS('Trial records'!$D$2:$D$53,$A11,'Trial records'!$E$2:$E$53,"Y",'Trial records'!$F$2:$F$53,J$5)>0,"Y","N") -> N | K11: =IF(COUNTIFS('Trial records'!$D$2:$D$53,$A11,'Trial records'!$E$2:$E$53,"Y")>0,"Y","N") -> Y | L11: Explicit
A12: VES041_20251001_F3 | B12: 45931.5 | C12: =IF(COUNTIFS('Trial records'!$D$2:$D$53,$A12,'Trial records'!$E$2:$E$53,"Y",'Trial records'!$F$2:$F$53,C$5)>0,"Y","N") -> N | D12: =IF(COUNTIFS('Trial records'!$D$2:$D$53,$A12,'Trial records'!$E$2:$E$53,"Y",'Trial records'!$F$2:$F$53,D$5)>0,"Y","N") -> N | E12: =IF(COUNTIFS('Trial records'!$D$2:$D$53,$A12,'Trial records'!$E$2:$E$53,"Y",'Trial records'!$F$2:$F$53,E$5)>0,"Y","N") -> N | F12: =IF(COUNTIFS('Trial records'!$D$2:$D$53,$A12,'Trial records'!$E$2:$E$53,"Y",'Trial records'!$F$2:$F$53,F$5)>0,"Y","N") -> N | G12: =IF(COUNTIFS('Trial records'!$D$2:$D$53,$A12,'Trial records'!$E$2:$E$53,"Y",'Trial records'!$F$2:$F$53,G$5)>0,"Y","N") -> N | H12: =IF(COUNTIFS('Trial records'!$D$2:$D$53,$A12,'Trial records'!$E$2:$E$53,"Y",'Trial records'!$F$2:$F$53,H$5)>0,"Y","N") -> N | I12: =IF(COUNTIFS('Trial records'!$D$2:$D$53,$A12,'Trial records'!$E$2:$E$53,"Y",'Trial records'!$F$2:$F$53,I$5)>0,"Y","N") -> N | J12: =IF(COUNTIFS('Trial records'!$D$2:$D$53,$A12,'Trial records'!$E$2:$E$53,"Y",'Trial records'!$F$2:$F$53,J$5)>0,"Y","N") -> N | K12: =IF(COUNTIFS('Trial records'!$D$2:$D$53,$A12,'Trial records'!$E$2:$E$53,"Y")>0,"Y","N") -> N | L12: Explicit
A13: VES041_20260213_F1 | B13: 46066.5 | C13: =IF(COUNTIFS('Trial records'!$D$2:$D$53,$A13,'Trial records'!$E$2:$E$53,"Y",'Trial records'!$F$2:$F$53,C$5)>0,"Y","N") -> N | D13: =IF(COUNTIFS('Trial records'!$D$2:$D$53,$A13,'Trial records'!$E$2:$E$53,"Y",'Trial records'!$F$2:$F$53,D$5)>0,"Y","N") -> N | E13: =IF(COUNTIFS('Trial records'!$D$2:$D$53,$A13,'Trial records'!$E$2:$E$53,"Y",'Trial records'!$F$2:$F$53,E$5)>0,"Y","N") -> N | F13: =IF(COUNTIFS('Trial records'!$D$2:$D$53,$A13,'Trial records'!$E$2:$E$53,"Y",'Trial records'!$F$2:$F$53,F$5)>0,"Y","N") -> N | G13: =IF(COUNTIFS('Trial records'!$D$2:$D$53,$A13,'Trial records'!$E$2:$E$53,"Y",'Trial records'!$F$2:$F$53,G$5)>0,"Y","N") -> N | H13: =IF(COUNTIFS('Trial records'!$D$2:$D$53,$A13,'Trial records'!$E$2:$E$53,"Y",'Trial records'!$F$2:$F$53,H$5)>0,"Y","N") -> N | I13: =IF(COUNTIFS('Trial records'!$D$2:$D$53,$A13,'Trial records'!$E$2:$E$53,"Y",'Trial records'!$F$2:$F$53,I$5)>0,"Y","N") -> N | J13: =IF(COUNTIFS('Trial records'!$D$2:$D$53,$A13,'Trial records'!$E$2:$E$53,"Y",'Trial records'!$F$2:$F$53,J$5)>0,"Y","N") -> N | K13: =IF(COUNTIFS('Trial records'!$D$2:$D$53,$A13,'Trial records'!$E$2:$E$53,"Y")>0,"Y","N") -> N | L13: Inferred
A14: VES041_20260213_F2 | B14: 46066.5 | C14: =IF(COUNTIFS('Trial records'!$D$2:$D$53,$A14,'Trial records'!$E$2:$E$53,"Y",'Trial records'!$F$2:$F$53,C$5)>0,"Y","N") -> N | D14: =IF(COUNTIFS('Trial records'!$D$2:$D$53,$A14,'Trial records'!$E$2:$E$53,"Y",'Trial records'!$F$2:$F$53,D$5)>0,"Y","N") -> N | E14: =IF(COUNTIFS('Trial records'!$D$2:$D$53,$A14,'Trial records'!$E$2:$E$53,"Y",'Trial records'!$F$2:$F$53,E$5)>0,"Y","N") -> N | F14: =IF(COUNTIFS('Trial records'!$D$2:$D$53,$A14,'Trial records'!$E$2:$E$53,"Y",'Trial records'!$F$2:$F$53,F$5)>0,"Y","N") -> N | G14: =IF(COUNTIFS('Trial records'!$D$2:$D$53,$A14,'Trial records'!$E$2:$E$53,"Y",'Trial records'!$F$2:$F$53,G$5)>0,"Y","N") -> N | H14: =IF(COUNTIFS('Trial records'!$D$2:$D$53,$A14,'Trial records'!$E$2:$E$53,"Y",'Trial records'!$F$2:$F$53,H$5)>0,"Y","N") -> N | I14: =IF(COUNTIFS('Trial records'!$D$2:$D$53,$A14,'Trial records'!$E$2:$E$53,"Y",'Trial records'!$F$2:$F$53,I$5)>0,"Y","N") -> N | J14: =IF(COUNTIFS('Trial records'!$D$2:$D$53,$A14,'Trial records'!$E$2:$E$53,"Y",'Trial records'!$F$2:$F$53,J$5)>0,"Y","N") -> N | K14: =IF(COUNTIFS('Trial records'!$D$2:$D$53,$A14,'Trial records'!$E$2:$E$53,"Y")>0,"Y","N") -> N | L14: Explicit
A15: VES041_20260217_F1 | B15: 46070.5 | C15: =IF(COUNTIFS('Trial records'!$D$2:$D$53,$A15,'Trial records'!$E$2:$E$53,"Y",'Trial records'!$F$2:$F$53,C$5)>0,"Y","N") -> Y | D15: =IF(COUNTIFS('Trial records'!$D$2:$D$53,$A15,'Trial records'!$E$2:$E$53,"Y",'Trial records'!$F$2:$F$53,D$5)>0,"Y","N") -> Y | E15: =IF(COUNTIFS('Trial records'!$D$2:$D$53,$A15,'Trial records'!$E$2:$E$53,"Y",'Trial records'!$F$2:$F$53,E$5)>0,"Y","N") -> N | F15: =IF(COUNTIFS('Trial records'!$D$2:$D$53,$A15,'Trial records'!$E$2:$E$53,"Y",'Trial records'!$F$2:$F$53,F$5)>0,"Y","N") -> N | G15: =IF(COUNTIFS('Trial records'!$D$2:$D$53,$A15,'Trial records'!$E$2:$E$53,"Y",'Trial records'!$F$2:$F$53,G$5)>0,"Y","N") -> N | H15: =IF(COUNTIFS('Trial records'!$D$2:$D$53,$A15,'Trial records'!$E$2:$E$53,"Y",'Trial records'!$F$2:$F$53,H$5)>0,"Y","N") -> N | I15: =IF(COUNTIFS('Trial records'!$D$2:$D$53,$A15,'Trial records'!$E$2:$E$53,"Y",'Trial records'!$F$2:$F$53,I$5)>0,"Y","N") -> N | J15: =IF(COUNTIFS('Trial records'!$D$2:$D$53,$A15,'Trial records'!$E$2:$E$53,"Y",'Trial records'!$F$2:$F$53,J$5)>0,"Y","N") -> N | K15: =IF(COUNTIFS('Trial records'!$D$2:$D$53,$A15,'Trial records'!$E$2:$E$53,"Y")>0,"Y","N") -> Y | L15: Inferred
A16: VES041_20260311_F1 | B16: 46092.5 | C16: =IF(COUNTIFS('Trial records'!$D$2:$D$53,$A16,'Trial records'!$E$2:$E$53,"Y",'Trial records'!$F$2:$F$53,C$5)>0,"Y","N") -> N | D16: =IF(COUNTIFS('Trial records'!$D$2:$D$53,$A16,'Trial records'!$E$2:$E$53,"Y",'Trial records'!$F$2:$F$53,D$5)>0,"Y","N") -> Y | E16: =IF(COUNTIFS('Trial records'!$D$2:$D$53,$A16,'Trial records'!$E$2:$E$53,"Y",'Trial records'!$F$2:$F$53,E$5)>0,"Y","N") -> N | F16: =IF(COUNTIFS('Trial records'!$D$2:$D$53,$A16,'Trial records'!$E$2:$E$53,"Y",'Trial records'!$F$2:$F$53,F$5)>0,"Y","N") -> N | G16: =IF(COUNTIFS('Trial records'!$D$2:$D$53,$A16,'Trial records'!$E$2:$E$53,"Y",'Trial records'!$F$2:$F$53,G$5)>0,"Y","N") -> N | H16: =IF(COUNTIFS('Trial records'!$D$2:$D$53,$A16,'Trial records'!$E$2:$E$53,"Y",'Trial records'!$F$2:$F$53,H$5)>0,"Y","N") -> N | I16: =IF(COUNTIFS('Trial records'!$D$2:$D$53,$A16,'Trial records'!$E$2:$E$53,"Y",'Trial records'!$F$2:$F$53,I$5)>0,"Y","N") -> N | J16: =IF(COUNTIFS('Trial records'!$D$2:$D$53,$A16,'Trial records'!$E$2:$E$53,"Y",'Trial records'!$F$2:$F$53,J$5)>0,"Y","N") -> N | K16: =IF(COUNTIFS('Trial records'!$D$2:$D$53,$A16,'Trial records'!$E$2:$E$53,"Y")>0,"Y","N") -> Y | L16: Inferred
A17: VES041_20260313_F1 | B17: 46094.5 | C17: =IF(COUNTIFS('Trial records'!$D$2:$D$53,$A17,'Trial records'!$E$2:$E$53,"Y",'Trial records'!$F$2:$F$53,C$5)>0,"Y","N") -> N | D17: =IF(COUNTIFS('Trial records'!$D$2:$D$53,$A17,'Trial records'!$E$2:$E$53,"Y",'Trial records'!$F$2:$F$53,D$5)>0,"Y","N") -> Y | E17: =IF(COUNTIFS('Trial records'!$D$2:$D$53,$A17,'Trial records'!$E$2:$E$53,"Y",'Trial records'!$F$2:$F$53,E$5)>0,"Y","N") -> N | F17: =IF(COUNTIFS('Trial records'!$D$2:$D$53,$A17,'Trial records'!$E$2:$E$53,"Y",'Trial records'!$F$2:$F$53,F$5)>0,"Y","N") -> N | G17: =IF(COUNTIFS('Trial records'!$D$2:$D$53,$A17,'Trial records'!$E$2:$E$53,"Y",'Trial records'!$F$2:$F$53,G$5)>0,"Y","N") -> N | H17: =IF(COUNTIFS('Trial records'!$D$2:$D$53,$A17,'Trial records'!$E$2:$E$53,"Y",'Trial records'!$F$2:$F$53,H$5)>0,"Y","N") -> N | I17: =IF(COUNTIFS('Trial records'!$D$2:$D$53,$A17,'Trial records'!$E$2:$E$53,"Y",'Trial records'!$F$2:$F$53,I$5)>0,"Y","N") -> N | J17: =IF(COUNTIFS('Trial records'!$D$2:$D$53,$A17,'Trial records'!$E$2:$E$53,"Y",'Trial records'!$F$2:$F$53,J$5)>0,"Y","N") -> N | K17: =IF(COUNTIFS('Trial records'!$D$2:$D$53,$A17,'Trial records'!$E$2:$E$53,"Y")>0,"Y","N") -> Y | L17: Inferred
... A24: VES041_20261024_F1 | B24: 46319.5 | C24: =IF(COUNTIFS('Trial records'!$D$2:$D$53,$A24,'Trial records'!$E$2:$E$53,"Y",'Trial records'!$F$2:$F$53,C$5)>0,"Y","N") -> N | D24: =IF(COUNTIFS('Trial records'!$D$2:$D$53,$A24,'Trial records'!$E$2:$E$53,"Y",'Trial records'!$F$2:$F$53,D$5)>0,"Y","N") -> N | E24: =IF(COUNTIFS('Trial records'!$D$2:$D$53,$A24,'Trial records'!$E$2:$E$53,"Y",'Trial records'!$F$2:$F$53,E$5)>0,"Y","N") -> Y | F24: =IF(COUNTIFS('Trial records'!$D$2:$D$53,$A24,'Trial records'!$E$2:$E$53,"Y",'Trial records'!$F$2:$F$53,F$5)>0,"Y","N") -> N | G24: =IF(COUNTIFS('Trial records'!$D$2:$D$53,$A24,'Trial records'!$E$2:$E$53,"Y",'Trial records'!$F$2:$F$53,G$5)>0,"Y","N") -> N | H24: =IF(COUNTIFS('Trial records'!$D$2:$D$53,$A24,'Trial records'!$E$2:$E$53,"Y",'Trial records'!$F$2:$F$53,H$5)>0,"Y","N") -> Y | I24: =IF(COUNTIFS('Trial records'!$D$2:$D$53,$A24,'Trial records'!$E$2:$E$53,"Y",'Trial records'!$F$2:$F$53,I$5)>0,"Y","N") -> Y | J24: =IF(COUNTIFS('Trial records'!$D$2:$D$53,$A24,'Trial records'!$E$2:$E$53,"Y",'Trial records'!$F$2:$F$53,J$5)>0,"Y","N") -> Y | K24: =IF(COUNTIFS('Trial records'!$D$2:$D$53,$A24,'Trial records'!$E$2:$E$53,"Y")>0,"Y","N") -> Y | L24: User confirmed
A27: CL bar means a separate non-jump bar trial. Bar-jump and heat trials do not automatically count as CL bar.
A28: Rejected trials: 2025-10-01, both 2026-02-13 recordings, and 20261020_3_1 are N in Trial records.
A29: October 20 VES041 fly 2 retains accepted dark/heat trials; its rejected bar-jump trial contributes no Y flag.
A30: Five processed SMP544 recordings from October 26 are Unreviewed and do not contribute to the fly overview.
A31: Odor is retained in Trial records. A fly with only accepted odor recordings can have Good behavior = Y and all listed conditions = N.
A32: Fly IDs include date and cell type. Unnumbered historical preparations remain inferred; October VES041 grouping follows user confirmation.

Sheet Trial records
A1: Trial | B1: Cell type | C1: Date | D1: Fly ID | E1: Good behavior | F1: Trial type | G1: Behavior review | H1: Fly identity basis | I1: Selection source | J1: Recording folder
A2: 20260720-3_smp544_fly2_dark | B2: SMP544 | C2: 46223.5 | D2: SMP544_20260720_F2 | E2: Y | F2: Dark | G2: Previously behavior-screened: sustained, varied walking | H2: Explicit fly number in recording folder | I2: /Users/sophiarenauld/Documents/GitHub/Wilson_Thesis/Imaging_analysis/compare_smp544_ves041_reorientation.m | J2: /Users/sophiarenauld/stacks/20260720-3_smp544_fly2_dark
A3: 20260720-4_smp544_fly2_dark2_volume | B3: SMP544 | C3: 46223.5 | D3: SMP544_20260720_F2 | E3: Y | F3: Dark | G3: Previously behavior-screened: sustained, varied walking | H3: Explicit fly number in recording folder | I3: /Users/sophiarenauld/Documents/GitHub/Wilson_Thesis/Imaging_analysis/compare_smp544_ves041_reorientation.m | J3: /Users/sophiarenauld/stacks/20260720-4_smp544_fly2_dark2_volume
A4: 20260721-2_smp544_fly1_clbar | B4: SMP544 | C4: 46224.5 | D4: SMP544_20260721_F1 | E4: Y | F4: CL bar | G4: Previously behavior-screened: sustained, varied walking | H4: Explicit fly number in recording folder | I4: /Users/sophiarenauld/Documents/GitHub/Wilson_Thesis/Imaging_analysis/compare_smp544_ves041_reorientation.m | J4: /Users/sophiarenauld/stacks/20260721-2_smp544_fly1_clbar
A5: 20260721-3_smp544_fly1_clbar | B5: SMP544 | C5: 46224.5 | D5: SMP544_20260721_F1 | E5: Y | F5: CL bar | G5: Previously behavior-screened: sustained, varied walking | H5: Explicit fly number in recording folder | I5: /Users/sophiarenauld/Documents/GitHub/Wilson_Thesis/Imaging_analysis/compare_smp544_ves041_reorientation.m | J5: /Users/sophiarenauld/stacks/20260721-3_smp544_fly1_clbar
A6: 20260721-4_smp544_fly1_olheat | B6: SMP544 | C6: 46224.5 | D6: SMP544_20260721_F1 | E6: Y | F6: Heat OL | G6: Previously behavior-screened: sustained, varied walking | H6: Explicit fly number in recording folder | I6: /Users/sophiarenauld/Documents/GitHub/Wilson_Thesis/Imaging_analysis/compare_smp544_ves041_reorientation.m | J6: /Users/sophiarenauld/stacks/20260721-4_smp544_fly1_olheat
A7: 20260722-2_smp544_fly1_clbar | B7: SMP544 | C7: 46225.5 | D7: SMP544_20260722_F1 | E7: Y | F7: CL bar | G7: Previously behavior-screened: sustained, varied walking | H7: Explicit fly number in recording folder | I7: /Users/sophiarenauld/Documents/GitHub/Wilson_Thesis/Imaging_analysis/compare_smp544_ves041_reorientation.m | J7: /Users/sophiarenauld/stacks/20260722-2_smp544_fly1_clbar
A8: 20261026_1_1_smp544_barjumps | B8: SMP544 | C8: 46321.5 | E8: Unreviewed | F8: Bar jumps | G8: Processed only; no recorded good-behavior decision; registration QC held | H8: Unassigned; fly identity absent | I8: /Users/sophiarenauld/stacks/smp544_20261026_analysis_20261028/run_report.csv | J8: /Users/sophiarenauld/stacks/2026-10-26/a2p_exploratory_20261027/20261026_1_1_smp544_barjumps
A9: 20261026_5_5_smp544_fly2_heatpyramid | B9: SMP544 | C9: 46321.5 | D9: SMP544_20261026_F2 | E9: Unreviewed | F9: Heat pyramid | G9: Processed only; no recorded good-behavior decision; registration QC held | H9: Explicit fly number | I9: /Users/sophiarenauld/stacks/smp544_20261026_analysis_20261028/run_report.csv | J9: /Users/sophiarenauld/stacks/2026-10-26/a2p_exploratory_20261027/20261026_5_5_smp544_fly2_heatpyramid
A10: 20261026_6_1_smp544_heat_stripe | B10: SMP544 | C10: 46321.5 | E10: Unreviewed | F10: Heat stripe | G10: Processed only; no recorded good-behavior decision; registration QC held | H10: Unassigned; fly identity absent | I10: /Users/sophiarenauld/stacks/smp544_20261026_analysis_20261028/run_report.csv | J10: /Users/sophiarenauld/stacks/2026-10-26/a2p_exploratory_20261027/20261026_6_1_smp544_heat_stripe
A11: 20261026_7_1_smp544_heat_stripes | B11: SMP544 | C11: 46321.5 | E11: Unreviewed | F11: Heat stripe | G11: Processed only; no recorded good-behavior decision; registration QC held | H11: Unassigned; fly identity absent | I11: /Users/sophiarenauld/stacks/smp544_20261026_analysis_20261028/run_report.csv | J11: /Users/sophiarenauld/stacks/2026-10-26/a2p_exploratory_20261027/20261026_7_1_smp544_heat_stripes
A12: 20261026_8_1_smp544_heatpyramid | B12: SMP544 | C12: 46321.5 | E12: Unreviewed | F12: Heat pyramid | G12: Processed only; no recorded good-behavior decision; registration QC held | H12: Unassigned; fly identity absent | I12: /Users/sophiarenauld/stacks/smp544_20261026_analysis_20261028/run_report.csv | J12: /Users/sophiarenauld/stacks/2026-10-26/a2p_exploratory_20261027/20261026_8_1_smp544_heatpyramid
A13: 20250812-20_ves041_fly3_clbarjumps | B13: VES041 | C13: 45881.5 | D13: VES041_20250812_F3 | E13: Y | F13: Bar jumps | G13: confirmed: Finder good behavior tag | H13: Explicit fly number in recording folder | I13: /Users/sophiarenauld/Documents/GitHub/Wilson_Thesis/Imaging_analysis/reports/ves041_trial_inventory_20261028.csv | J13: /Users/sophiarenauld/stacks/20250812-20_ves041_fly3_clbarjumps
A14: 20250812-21_ves041_fly3_olgrating | B14: VES041 | C14: 45881.5 | D14: VES041_20250812_F3 | E14: Y | F14: Gratings | G14: confirmed: Finder good behavior tag | H14: Explicit fly number in recording folder | I14: /Users/sophiarenauld/Documents/GitHub/Wilson_Thesis/Imaging_analysis/reports/ves041_trial_inventory_20261028.csv | J14: /Users/sophiarenauld/stacks/20250812-21_ves041_fly3_olgrating
A15: 20250812-22_ves041_fly3_bbarjumps2 | B15: VES041 | C15: 45881.5 | D15: VES041_20250812_F3 | E15: Y | F15: Bar jumps | G15: confirmed: Finder good behavior tag | H15: Explicit fly number in recording folder | I15: /Users/sophiarenauld/Documents/GitHub/Wilson_Thesis/Imaging_analysis/reports/ves041_trial_inventory_20261028.csv | J15: /Users/sophiarenauld/stacks/20250812-22_ves041_fly3_bbarjumps2
A16: 20250813-3_ves041_fly1_olgrating | B16: VES041 | C16: 45882.5 | D16: VES041_20250813_F1 | E16: Y | F16: Gratings | G16: confirmed: Finder good behavior tag | H16: Explicit fly number in recording folder | I16: /Users/sophiarenauld/Documents/GitHub/Wilson_Thesis/Imaging_analysis/reports/ves041_trial_inventory_20261028.csv | J16: /Users/sophiarenauld/stacks/20250813-3_ves041_fly1_olgrating
A17: 20250819-10_ves041_fly1_olgrating5 | B17: VES041 | C17: 45888.5 | D17: VES041_20250819_F1 | E17: Y | F17: Gratings | G17: confirmed: Finder good behavior tag | H17: Explicit fly number in recording folder | I17: /Users/sophiarenauld/Documents/GitHub/Wilson_Thesis/Imaging_analysis/reports/ves041_trial_inventory_20261028.csv | J17: /Users/sophiarenauld/stacks/20250819-10_ves041_fly1_olgrating5
A18: 20251001-21_ves041_fly3_clbbar | B18: VES041 | C18: 45931.5 | D18: VES041_20251001_F3 | E18: N | F18: CL bar | G18: not good behavior: user exclusion | H18: Explicit fly number in recording folder | I18: /Users/sophiarenauld/Documents/GitHub/Wilson_Thesis/Imaging_analysis/reports/ves041_trial_inventory_20261028.csv | J18: /Users/sophiarenauld/stacks/20251001-21_ves041_fly3_clbbar
A19: 20260213-2_ves041_clbar | B19: VES041 | C19: 46066.5 | D19: VES041_20260213_F1 | E19: N | F19: CL bar | G19: not good behavior: user exclusion | H19: Inferred first fly; later same-date folders explicitly label fly 2 | I19: /Users/sophiarenauld/Documents/GitHub/Wilson_Thesis/Imaging_analysis/reports/ves041_trial_inventory_20261028.csv | J19: /Users/sophiarenauld/stacks/20260213-2_ves041_clbar
A20: 20260213-4_ves041_fly2_clbar | B20: VES041 | C20: 46066.5 | D20: VES041_20260213_F2 | E20: N | F20: CL bar | G20: not good behavior: user exclusion | H20: Explicit fly number in recording folder | I20: /Users/sophiarenauld/Documents/GitHub/Wilson_Thesis/Imaging_analysis/reports/ves041_trial_inventory_20261028.csv | J20: /Users/sophiarenauld/stacks/20260213-4_ves041_fly2_clbar
A21: 20260217-2_ves041_vt_clbbar1 | B21: VES041 | C21: 46070.5 | D21: VES041_20260217_F1 | E21: Y | F21: CL bar | G21: confirmed: Finder good behavior tag | H21: Inferred first fly; later same-date folders explicitly label fly 2 | I21: /Users/sophiarenauld/Documents/GitHub/Wilson_Thesis/Imaging_analysis/reports/ves041_trial_inventory_20261028.csv | J21: /Users/sophiarenauld/stacks/20260217-2_ves041_vt_clbbar1
A22: 20260217-3_ves041_vt_clbbar2_actuallydark | B22: VES041 | C22: 46070.5 | D22: VES041_20260217_F1 | E22: Y | F22: Dark | G22: confirmed: Finder good behavior tag | H22: Inferred first fly; later same-date folders explicitly label fly 2 | I22: /Users/sophiarenauld/Documents/GitHub/Wilson_Thesis/Imaging_analysis/reports/ves041_trial_inventory_20261028.csv | J22: /Users/sophiarenauld/stacks/20260217-3_ves041_vt_clbbar2_actuallydark
A23: 20260217-4_ves041_vt_clbbar3 | B23: VES041 | C23: 46070.5 | D23: VES041_20260217_F1 | E23: Y | F23: CL bar | G23: confirmed: Finder good behavior tag | H23: Inferred first fly; later same-date folders explicitly label fly 2 | I23: /Users/sophiarenauld/Documents/GitHub/Wilson_Thesis/Imaging_analysis/reports/ves041_trial_inventory_20261028.csv | J23: /Users/sophiarenauld/stacks/20260217-4_ves041_vt_clbbar3
A24: 20260311-1_ves041_1_clbar_1hr | B24: VES041 | C24: 46092.5 | D24: VES041_20260311_F1 | E24: Y | F24: CL bar | G24: confirmed: Finder good behavior tag | H24: Inferred single unnumbered preparation on this date; confirm identity | I24: /Users/sophiarenauld/Documents/GitHub/Wilson_Thesis/Imaging_analysis/reports/ves041_trial_inventory_20261028.csv | J24: /Users/sophiarenauld/stacks/20260311-1_ves041_1_clbar_1hr
... A53: 20261024_7_1_ves041_stripes_bar | B53: VES041 | C53: 46319.5 | D53: VES041_20261024_F1 | E53: Y | F53: Heat stripe | G53: reviewed: add: good behavior | H53: User confirmed: all recordings on this date are one fly | I53: /Users/sophiarenauld/Documents/GitHub/Wilson_Thesis/Imaging_analysis/reports/ves041_trial_inventory_20261028.csv | J53: /Users/sophiarenauld/stacks/2026-10-24/ves041_stripes_bar/220212_164_f8f96557
